,Processed Dataset,Accuracy
0,Plasma(Raw),0.8709110334110335
1,Serum(Raw),0.8472465034965035
2,pca2_plasma,0.7985722610722611
3,pca2_serum,0.6962509712509711
4,pca3_plasma,0.8305167055167055
5,pca3_serum,0.6962509712509711
6,pca4_plasma,0.8581585081585082
7,pca4_serum,0.6962509712509711
8,pca5_plasma,0.8321231546231547
9,pca5_serum,0.6962509712509711
10,pca15_plasma,0.8521610334110333
11,pca15_serum,0.6962509712509711
12,pca20_plasma,0.8270979020979021
13,pca20_serum,0.6962509712509711
