Method,Accuracy
Plasma(Raw),0.8257575757575758
pca2_plasma(Exploratory),0.7727272727272727
pca3_plasma(Exploratory),0.7727272727272727
pca4_plasma(Exploratory),0.7727272727272727
pca5_plasma(Exploratory),0.7727272727272727
